customer_id,customer_name,customer_city,gender,age,email,join_date
1,"Shabnam Baig",Lahore,Female,34,shabnam492@gmail.com,2023-10-28
2,"Samina Javed",Sialkot,Female,37,samina512@outlook.com,2023-11-29
3,"Zain Pasha",Lahore,Male,37,zain892@yahoo.com,2023-03-11
4,"Farhan Aslam",Gwadar,Male,49,farhan871@gmail.com,2023-12-02
5,"Sobia Gillani",Gwadar,Female,18,sobia212@outlook.com,2023-10-18
6,"Sumaira Aslam",Islamabad,Female,23,sumaira567@hotmail.com,2023-12-04
7,"Waqar Mehmood",Islamabad,Male,30,waqar313@gmail.com,2023-04-27
8,"Iqra Hussain",Lahore,Female,62,iqra6@outlook.com,2023-07-18
9,"Amber Mehmood",Karachi,Female,59,amber933@yahoo.com,2023-09-05
10,"Muhammad Mughal",Lahore,Male,40,muhammad207@outlook.com,2023-04-15
11,"Rabia Yousuf",Karachi,Female,61,rabia568@yahoo.com,2023-05-25
12,"Junaid Mirza",Islamabad,Male,55,junaid828@yahoo.com,2023-01-15
13,"Hamza Mirza",Gwadar,Male,29,hamza710@gmail.com,2023-08-20
14,"Hira Baig",Islamabad,Female,64,hira374@outlook.com,2023-12-28
15,"Uzma Ghani",Karachi,Female,62,uzma328@yahoo.com,2023-03-30
16,"Waseem Gillani",Gwadar,Male,29,waseem951@gmail.com,2023-08-22
17,"Kamran Durrani",Karachi,Male,28,kamran300@outlook.com,2023-04-30
18,"Zain Hashmi",Gwadar,Male,55,zain690@gmail.com,2023-05-19
19,"Fahad Yousuf",Faisalabad,Male,53,fahad296@gmail.com,2023-02-03
20,"Amna Ansari",Karachi,Female,27,amna269@yahoo.com,2023-06-30
21,"Awais Gillani",Sialkot,Male,24,awais536@outlook.com,2023-10-04
22,"Haris Nawaz",Faisalabad,Male,36,haris186@hotmail.com,2023-07-11
23,"Zubair Awan",Gwadar,Male,29,zubair401@hotmail.com,2023-12-05
24,"Junaid Mughal",Faisalabad,Male,26,junaid436@yahoo.com,2023-02-04
25,"Aliza Shah",Lahore,Female,34,aliza388@hotmail.com,2023-03-07
26,"Hassan Awan",Faisalabad,Male,24,hassan519@gmail.com,2023-12-19
27,"Huma Lodhi",Lahore,Female,36,huma915@yahoo.com,2023-10-24
28,"Raza Butt",Sialkot,Male,33,raza64@hotmail.com,2023-11-16
29,"Ahmed Lodhi",Karachi,Male,53,ahmed92@hotmail.com,2023-05-27
30,"Zain Farooqi",Gwadar,Male,19,zain553@gmail.com,2023-03-02
31,"Hassan Ahmed",Faisalabad,Male,63,hassan528@gmail.com,2023-12-04
32,"Kamran Chaudhry",Faisalabad,Male,56,kamran829@yahoo.com,2023-08-28
33,"Zainab Rizvi",Sialkot,Female,36,zainab527@gmail.com,2023-08-17
34,"Zubair Durrani",Gwadar,Male,44,zubair491@outlook.com,2023-04-28
35,"Iqra Sheikh",Sialkot,Female,56,iqra498@yahoo.com,2023-11-22
36,"Tooba Ashraf",Islamabad,Female,41,tooba689@outlook.com,2023-10-15
37,"Awais Mehmood",Faisalabad,Male,50,awais823@yahoo.com,2023-11-19
38,"Maria Abbasi",Gwadar,Female,46,maria572@hotmail.com,2023-06-11
39,"Sadia Chaudhry",Karachi,Female,22,sadia625@hotmail.com,2023-10-29
40,"Sadia Khan",Gwadar,Female,47,sadia33@outlook.com,2023-08-25
41,"Bushra Baig",Karachi,Female,45,bushra144@outlook.com,2023-12-12
42,"Omar Malik",Sialkot,Male,21,omar270@hotmail.com,2023-04-18
43,"Khalid Abbasi",Faisalabad,Male,63,khalid705@outlook.com,2023-03-23
44,"Omar Pasha",Sialkot,Male,30,omar489@gmail.com,2023-09-27
45,"Tahira Shah",Islamabad,Female,28,tahira190@yahoo.com,2023-02-21
46,"Amna Raza",Sialkot,Female,44,amna210@gmail.com,2023-10-13
47,"Adnan Ghani",Islamabad,Male,64,adnan510@yahoo.com,2023-11-11
48,"Sadia Sheikh",Islamabad,Female,33,sadia940@gmail.com,2023-09-30
49,"Ali Mehmood",Lahore,Male,18,ali458@hotmail.com,2023-11-13
50,"Omar Shah",Faisalabad,Male,25,omar402@hotmail.com,2023-03-26
51,"Amna Hashmi",Sialkot,Female,39,amna553@gmail.com,2023-07-05
52,"Zubair Rizvi",Lahore,Male,42,zubair173@outlook.com,2023-09-02
53,"Shabnam Ashraf",Gwadar,Female,31,shabnam977@yahoo.com,2023-02-27
54,"Omar Javed",Sialkot,Male,49,omar490@gmail.com,2023-12-11
55,"Kiran Bhatti",Sialkot,Female,36,kiran728@yahoo.com,2023-08-02
56,"Mehwish Hussain",Faisalabad,Female,60,mehwish78@gmail.com,2023-03-18
57,"Fozia Niazi",Faisalabad,Female,31,fozia734@yahoo.com,2023-12-09
58,"Zain Mirza",Islamabad,Male,53,zain415@outlook.com,2023-08-22
59,"Tooba Rizvi",Lahore,Female,43,tooba42@gmail.com,2023-02-23
60,"Shahid Shah",Gwadar,Male,19,shahid998@yahoo.com,2023-09-03
61,"Mehak Yousuf",Lahore,Female,49,mehak798@hotmail.com,2023-05-29
62,"Zain Zafar",Islamabad,Male,45,zain625@hotmail.com,2023-05-02
63,"Fatima Bhatti",Faisalabad,Female,23,fatima636@yahoo.com,2023-11-16
64,"Bushra Akram",Sialkot,Female,20,bushra878@hotmail.com,2023-10-12
65,"Awais Aslam",Gwadar,Male,53,awais705@hotmail.com,2023-07-20
66,"Adeel Mehmood",Karachi,Male,18,adeel998@hotmail.com,2023-11-06
67,"Yasir Hashmi",Gwadar,Male,47,yasir895@yahoo.com,2023-01-28
68,"Maria Durrani",Lahore,Female,50,maria548@yahoo.com,2023-01-21
69,"Aamir Abbasi",Faisalabad,Male,43,aamir290@yahoo.com,2023-07-19
70,"Saba Ansari",Karachi,Female,50,saba781@yahoo.com,2023-01-30
71,"Mehak Tariq",Gwadar,Female,57,mehak335@hotmail.com,2023-12-21
72,"Zainab Farooqi",Lahore,Female,47,zainab624@outlook.com,2023-02-28
73,"Rida Awan",Karachi,Female,23,rida867@yahoo.com,2023-01-29
74,"Shazia Butt",Faisalabad,Female,40,shazia202@yahoo.com,2023-07-09
75,"Maryam Mehmood",Lahore,Female,38,maryam5@yahoo.com,2023-11-19
76,"Waleed Aslam",Lahore,Male,53,waleed413@outlook.com,2023-08-01
77,"Uzma Akhtar",Gwadar,Female,51,uzma231@yahoo.com,2023-06-05
78,"Omer Niazi",Faisalabad,Male,29,omer79@hotmail.com,2023-02-10
79,"Shoaib Hashmi",Sialkot,Male,49,shoaib94@hotmail.com,2023-07-11
80,"Anum Khan",Sialkot,Female,63,anum658@gmail.com,2023-07-23
81,"Rizwan Butt",Karachi,Male,51,rizwan746@yahoo.com,2023-01-14
82,"Haris Sheikh",Islamabad,Male,56,haris663@hotmail.com,2023-06-12
83,"Amna Farooqi",Gwadar,Female,60,amna752@hotmail.com,2023-02-14
84,"Uzma Awan",Sialkot,Female,62,uzma577@outlook.com,2023-02-23
85,"Fahad Yousuf",Faisalabad,Male,22,fahad590@outlook.com,2023-01-19
86,"Sobia Baig",Lahore,Female,55,sobia276@gmail.com,2023-08-06
87,"Zubair Lodhi",Sialkot,Male,27,zubair181@outlook.com,2023-04-23
88,"Shahid Ansari",Lahore,Male,35,shahid177@yahoo.com,2023-05-01
89,"Kamran Aslam",Sialkot,Male,56,kamran841@yahoo.com,2023-09-15
90,"Mehwish Baig",Sialkot,Female,42,mehwish642@outlook.com,2023-04-10
91,"Zubair Ghani",Lahore,Male,21,zubair621@yahoo.com,2023-08-26
92,"Zubair Ahmed",Faisalabad,Male,32,zubair819@hotmail.com,2023-07-10
93,"Ayesha Baig",Karachi,Female,41,ayesha971@yahoo.com,2023-12-27
94,"Zain Awan",Gwadar,Male,62,zain754@hotmail.com,2023-05-30
95,"Usman Raza",Gwadar,Male,27,usman581@hotmail.com,2023-07-10
96,"Sadia Syed",Gwadar,Female,41,sadia194@yahoo.com,2023-07-15
97,"Nasir Niazi",Lahore,Male,34,nasir620@yahoo.com,2023-01-09
98,"Hira Ghani",Islamabad,Female,44,hira486@yahoo.com,2023-02-12
99,"Javeria Awan",Gwadar,Female,31,javeria91@hotmail.com,2023-05-12
100,"Junaid Yousuf",Sialkot,Male,60,junaid574@gmail.com,2023-12-14
101,"Faisal Awan",Gwadar,Male,49,faisal986@gmail.com,2023-08-24
102,"Fatima Yousuf",Faisalabad,Female,52,fatima931@yahoo.com,2023-11-06
103,"Faisal Ghani",Faisalabad,Male,42,faisal549@outlook.com,2023-08-09
104,"Usman Akhtar",Gwadar,Male,19,usman537@yahoo.com,2023-05-30
105,"Fatima Tariq",Lahore,Female,32,fatima222@yahoo.com,2023-12-25
106,"Junaid Javed",Lahore,Male,20,junaid563@yahoo.com,2023-07-12
107,"Sana Akhtar",Karachi,Female,37,sana111@yahoo.com,2023-06-02
108,"Mehwish Mughal",Gwadar,Female,36,mehwish959@yahoo.com,2023-08-22
109,"Sara Syed",Gwadar,Female,24,sara696@hotmail.com,2023-03-08
110,"Rabia Khan",Karachi,Female,29,rabia995@outlook.com,2023-03-29
111,"Naila Ghani",Islamabad,Female,36,naila251@gmail.com,2023-03-28
112,"Nimra Bhatti",Lahore,Female,29,nimra69@yahoo.com,2023-06-05
113,"Aamir Lodhi",Islamabad,Male,28,aamir599@hotmail.com,2023-12-19
114,"Sidra Sheikh",Lahore,Female,35,sidra77@gmail.com,2023-05-28
115,"Irfan Hashmi",Karachi,Male,24,irfan746@outlook.com,2023-09-21
116,"Iqra Rajput",Lahore,Female,58,iqra146@yahoo.com,2023-07-25
117,"Naveed Malik",Gwadar,Male,35,naveed86@gmail.com,2023-08-01
118,"Rabia Mughal",Islamabad,Female,30,rabia686@yahoo.com,2023-07-30
119,"Farah Ahmed",Lahore,Female,34,farah285@hotmail.com,2023-07-31
120,"Rida Zafar",Sialkot,Female,19,rida32@gmail.com,2023-04-30
121,"Daniyal Syed",Sialkot,Male,41,daniyal933@hotmail.com,2023-01-23
122,"Salman Tariq",Sialkot,Male,22,salman514@outlook.com,2023-12-04
123,"Farhan Mirza",Lahore,Male,58,farhan275@yahoo.com,2023-08-10
124,"Farhan Akhtar",Gwadar,Male,37,farhan865@gmail.com,2023-03-18
125,"Rida Pasha",Lahore,Female,63,rida950@outlook.com,2023-01-21
126,"Irfan Syed",Islamabad,Male,44,irfan430@outlook.com,2023-09-05
127,"Saad Butt",Sialkot,Male,20,saad366@outlook.com,2023-09-05
128,"Zain Pasha",Lahore,Male,19,zain962@outlook.com,2023-03-31
129,"Saba Chaudhry",Lahore,Female,40,saba427@yahoo.com,2023-11-05
130,"Saad Rizvi",Gwadar,Male,45,saad11@outlook.com,2023-08-29
131,"Daniyal Mehmood",Faisalabad,Male,31,daniyal411@hotmail.com,2023-08-01
132,"Zubair Mughal",Lahore,Male,19,zubair260@gmail.com,2023-03-15
133,"Imran Hussain",Gwadar,Male,45,imran853@hotmail.com,2023-11-01
134,"Sumaira Shah",Karachi,Female,18,sumaira196@hotmail.com,2023-05-12
135,"Nimra Hussain",Gwadar,Female,52,nimra151@yahoo.com,2023-11-19
136,"Adnan Khan",Lahore,Male,58,adnan385@outlook.com,2023-11-13
137,"Muhammad Hashmi",Gwadar,Male,25,muhammad270@hotmail.com,2023-03-06
138,"Tahira Pasha",Lahore,Female,56,tahira659@outlook.com,2023-10-28
139,"Kiran Sheikh",Faisalabad,Female,45,kiran710@outlook.com,2023-10-08
140,"Raza Ansari",Faisalabad,Male,44,raza931@hotmail.com,2023-04-05
141,"Junaid Mehmood",Islamabad,Male,65,junaid307@outlook.com,2023-06-10
142,"Tooba Mughal",Karachi,Female,50,tooba34@hotmail.com,2023-05-20
143,"Komal Sheikh",Sialkot,Female,37,komal101@hotmail.com,2023-05-12
144,"Shabnam Qureshi",Karachi,Female,22,shabnam660@yahoo.com,2023-10-10
145,"Tooba Zafar",Lahore,Female,42,tooba251@yahoo.com,2023-10-23
146,"Waqar Awan",Karachi,Male,53,waqar273@outlook.com,2023-07-18
147,"Daniyal Tariq",Lahore,Male,18,daniyal815@gmail.com,2023-08-25
148,"Rabia Zafar",Islamabad,Female,24,rabia119@hotmail.com,2023-07-25
149,"Waseem Hashmi",Karachi,Male,22,waseem953@outlook.com,2024-01-01
150,"Sumaira Mirza",Gwadar,Female,36,sumaira91@yahoo.com,2023-04-25
151,"Anum Rizvi",Faisalabad,Female,48,anum742@outlook.com,2023-09-22
152,"Rabia Siddiqui",Faisalabad,Female,39,rabia761@gmail.com,2023-08-17
153,"Aliza Khan",Faisalabad,Female,24,aliza615@outlook.com,2023-01-04
154,"Lubna Sheikh",Faisalabad,Female,33,lubna683@outlook.com,2023-09-21
155,"Zubair Durrani",Karachi,Male,52,zubair785@yahoo.com,2023-08-27
156,"Arslan Hussain",Lahore,Male,61,arslan183@gmail.com,2023-09-15
157,"Rida Rizvi",Sialkot,Female,19,rida833@yahoo.com,2023-12-10
158,"Iqra Ashraf",Sialkot,Female,53,iqra256@hotmail.com,2023-01-06
159,"Naila Raza",Sialkot,Female,38,naila490@outlook.com,2023-07-12
160,"Nida Siddiqui",Gwadar,Female,43,nida750@gmail.com,2023-04-30
161,"Shabnam Farooqi",Gwadar,Female,52,shabnam762@yahoo.com,2023-03-02
162,"Madiha Ashraf",Lahore,Female,65,madiha699@yahoo.com,2023-12-29
163,"Adnan Baig",Lahore,Male,31,adnan827@hotmail.com,2023-04-14
164,"Rizwan Aslam",Islamabad,Male,32,rizwan918@outlook.com,2023-09-04
165,"Zahid Qureshi",Sialkot,Male,39,zahid147@gmail.com,2023-09-23
166,"Zain Pasha",Faisalabad,Male,36,zain610@outlook.com,2023-12-02
167,"Amna Malik",Islamabad,Female,50,amna26@hotmail.com,2023-06-27
168,"Lubna Niazi",Islamabad,Female,22,lubna262@outlook.com,2023-06-10
169,"Sidra Pasha",Sialkot,Female,32,sidra203@gmail.com,2023-10-07
170,"Sohail Niazi",Islamabad,Male,60,sohail651@hotmail.com,2023-02-11
171,"Talha Abbasi",Lahore,Male,56,talha354@outlook.com,2023-11-02
172,"Ahmed Abbasi",Sialkot,Male,23,ahmed530@yahoo.com,2023-08-01
173,"Rukhsar Qureshi",Lahore,Female,43,rukhsar720@gmail.com,2023-02-10
174,"Sobia Shah",Islamabad,Female,52,sobia367@gmail.com,2023-04-13
175,"Uzma Raza",Lahore,Female,20,uzma35@outlook.com,2023-12-12
176,"Nadia Aslam",Gwadar,Female,36,nadia479@outlook.com,2023-05-28
177,"Hira Abbasi",Faisalabad,Female,19,hira847@outlook.com,2023-05-16
178,"Waqar Syed",Sialkot,Male,52,waqar201@outlook.com,2023-01-11
179,"Fiza Qureshi",Islamabad,Female,60,fiza705@yahoo.com,2023-06-13
180,"Nimra Lodhi",Gwadar,Female,23,nimra131@gmail.com,2023-09-30
181,"Shahid Chaudhry",Karachi,Male,61,shahid710@yahoo.com,2023-09-13
182,"Amna Ahmed",Sialkot,Female,42,amna629@yahoo.com,2023-05-01
183,"Bilal Butt",Sialkot,Male,48,bilal877@hotmail.com,2023-12-15
184,"Waseem Rajput",Islamabad,Male,29,waseem56@hotmail.com,2023-09-16
185,"Faisal Siddiqui",Islamabad,Male,52,faisal145@yahoo.com,2023-05-11
186,"Rizwan Pasha",Faisalabad,Male,55,rizwan328@outlook.com,2023-06-14
187,"Daniyal Sheikh",Karachi,Male,65,daniyal720@gmail.com,2023-03-20
188,"Fahad Ahmed",Sialkot,Male,48,fahad74@hotmail.com,2023-02-27
189,"Saira Bhatti",Faisalabad,Female,54,saira96@outlook.com,2023-06-09
190,"Maryam Rajput",Sialkot,Female,59,maryam179@gmail.com,2023-03-28
191,"Waqar Pasha",Sialkot,Male,55,waqar768@outlook.com,2023-01-19
192,"Komal Siddiqui",Lahore,Female,25,komal860@yahoo.com,2023-01-01
193,"Asad Chaudhry",Gwadar,Male,59,asad737@outlook.com,2023-01-21
194,"Aamir Hussain",Islamabad,Male,55,aamir431@outlook.com,2023-02-20
195,"Tayyaba Farooqi",Sialkot,Female,37,tayyaba586@gmail.com,2023-05-21
196,"Saba Akram",Karachi,Female,32,saba427@gmail.com,2023-03-31
197,"Huma Gillani",Islamabad,Female,25,huma254@outlook.com,2023-05-18
198,"Imran Ansari",Karachi,Male,42,imran320@hotmail.com,2023-09-08
199,"Waqar Lodhi",Gwadar,Male,48,waqar770@yahoo.com,2023-08-12
200,"Naila Ghani",Islamabad,Female,65,naila909@gmail.com,2023-11-02
201,"Nimra Chaudhry",Karachi,Female,54,nimra386@hotmail.com,2023-08-05
202,"Sara Tariq",Lahore,Female,44,sara622@hotmail.com,2023-09-07
203,"Rabia Tariq",Gwadar,Female,42,rabia256@hotmail.com,2023-05-28
204,"Rabia Farooqi",Gwadar,Female,47,rabia172@outlook.com,2023-02-21
205,"Haris Syed",Sialkot,Male,18,haris931@gmail.com,2023-09-25
206,"Sidra Awan",Faisalabad,Female,38,sidra726@hotmail.com,2023-06-15
207,"Shehzad Awan",Faisalabad,Male,37,shehzad998@outlook.com,2023-05-13
208,"Iqra Aslam",Karachi,Female,35,iqra388@hotmail.com,2023-03-19
209,"Daniyal Durrani",Islamabad,Male,18,daniyal738@outlook.com,2023-01-10
210,"Sidra Gillani",Lahore,Female,59,sidra338@gmail.com,2023-02-10
211,"Rabia Qureshi",Sialkot,Female,45,rabia958@outlook.com,2023-11-18
212,"Zeeshan Syed",Faisalabad,Male,35,zeeshan239@outlook.com,2023-07-04
213,"Haris Butt",Lahore,Male,21,haris441@hotmail.com,2023-10-18
214,"Rukhsar Shah",Karachi,Female,45,rukhsar856@hotmail.com,2023-07-08
215,"Tariq Mirza",Sialkot,Male,21,tariq67@yahoo.com,2023-08-28
216,"Aliza Ahmed",Lahore,Female,62,aliza466@hotmail.com,2023-06-10
217,"Kashif Syed",Islamabad,Male,63,kashif547@outlook.com,2023-08-27
218,"Haris Rizvi",Lahore,Male,53,haris944@outlook.com,2023-12-03
219,"Aamir Butt",Islamabad,Male,28,aamir682@yahoo.com,2023-10-12
220,"Komal Shah",Islamabad,Female,53,komal489@yahoo.com,2023-05-27
221,"Junaid Siddiqui",Gwadar,Male,42,junaid957@yahoo.com,2023-10-12
222,"Nida Shah",Gwadar,Female,64,nida165@gmail.com,2023-02-02
223,"Mehwish Ansari",Faisalabad,Female,32,mehwish218@yahoo.com,2023-09-16
224,"Haris Ghani",Sialkot,Male,28,haris82@gmail.com,2023-07-20
225,"Nasir Akhtar",Gwadar,Male,58,nasir274@outlook.com,2023-12-30
226,"Kamran Qureshi",Islamabad,Male,34,kamran862@outlook.com,2023-11-26
227,"Fiza Ashraf",Gwadar,Female,19,fiza832@outlook.com,2023-05-20
228,"Zainab Niazi",Faisalabad,Female,41,zainab342@hotmail.com,2023-04-06
229,"Samina Siddiqui",Lahore,Female,58,samina424@gmail.com,2023-08-05
230,"Talha Ali",Karachi,Male,24,talha964@yahoo.com,2023-06-28
231,"Javeria Abbasi",Karachi,Female,59,javeria441@hotmail.com,2023-07-11
232,"Muhammad Aslam",Sialkot,Male,21,muhammad901@gmail.com,2023-12-16
233,"Shahid Tariq",Islamabad,Male,60,shahid671@gmail.com,2023-03-20
234,"Zeeshan Qureshi",Lahore,Male,32,zeeshan416@yahoo.com,2023-12-26
235,"Asma Ansari",Lahore,Female,57,asma416@hotmail.com,2023-08-01
236,"Tariq Gillani",Faisalabad,Male,46,tariq110@yahoo.com,2023-12-31
237,"Irfan Awan",Sialkot,Male,36,irfan868@gmail.com,2023-04-03
238,"Farah Khan",Faisalabad,Female,65,farah222@yahoo.com,2023-09-06
239,"Khalid Mughal",Sialkot,Male,64,khalid237@hotmail.com,2023-07-25
240,"Saira Ali",Faisalabad,Female,48,saira790@yahoo.com,2023-04-19
241,"Sumaira Chaudhry",Faisalabad,Female,48,sumaira572@hotmail.com,2023-08-30
242,"Omer Bhatti",Karachi,Male,34,omer401@gmail.com,2023-01-28
243,"Zubair Khan",Islamabad,Male,33,zubair334@yahoo.com,2023-04-08
244,"Shazia Siddiqui",Islamabad,Female,21,shazia19@gmail.com,2023-10-28
245,"Daniyal Hashmi",Lahore,Male,33,daniyal472@outlook.com,2023-12-17
246,"Huma Ansari",Islamabad,Female,55,huma149@yahoo.com,2023-10-07
247,"Samina Rajput",Faisalabad,Female,54,samina728@hotmail.com,2023-07-21
248,"Farah Malik",Faisalabad,Female,39,farah288@outlook.com,2023-06-26
249,"Haris Ashraf",Karachi,Male,33,haris424@gmail.com,2023-10-09
250,"Saba Baig",Islamabad,Female,59,saba565@gmail.com,2023-02-17
251,"Nimra Hussain",Lahore,Female,40,nimra940@hotmail.com,2023-12-05
252,"Imran Chaudhry",Lahore,Male,32,imran464@hotmail.com,2023-10-18
253,"Ahmed Rajput",Lahore,Male,32,ahmed404@outlook.com,2023-01-10
254,"Bilal Baig",Islamabad,Male,53,bilal146@outlook.com,2023-05-09
255,"Tariq Awan",Karachi,Male,30,tariq177@yahoo.com,2023-04-26
256,"Kashif Ashraf",Karachi,Male,61,kashif78@yahoo.com,2023-03-10
257,"Uzma Butt",Islamabad,Female,55,uzma620@yahoo.com,2023-07-20
258,"Samina Ali",Islamabad,Female,32,samina100@hotmail.com,2023-09-24
259,"Tayyaba Farooqi",Lahore,Female,24,tayyaba105@outlook.com,2023-12-27
260,"Mehak Shah",Karachi,Female,63,mehak53@yahoo.com,2023-08-01
261,"Huma Ali",Islamabad,Female,50,huma818@outlook.com,2023-01-14
262,"Sohail Durrani",Gwadar,Male,24,sohail719@gmail.com,2023-02-25
263,"Maria Mehmood",Lahore,Female,63,maria267@hotmail.com,2023-07-22
264,"Tayyaba Mughal",Faisalabad,Female,39,tayyaba149@gmail.com,2023-04-29
265,"Bilal Nawaz",Gwadar,Male,52,bilal428@outlook.com,2023-10-21
266,"Waqar Ansari",Sialkot,Male,59,waqar715@outlook.com,2023-06-28
267,"Sohail Durrani",Gwadar,Male,59,sohail241@gmail.com,2023-04-24
268,"Nimra Raza",Islamabad,Female,23,nimra194@yahoo.com,2023-04-30
269,"Maryam Ashraf",Karachi,Female,47,maryam839@outlook.com,2023-05-21
270,"Laila Shah",Sialkot,Female,62,laila594@outlook.com,2023-01-21
271,"Shahid Farooqi",Karachi,Male,63,shahid468@hotmail.com,2023-11-20
272,"Shehzad Mehmood",Islamabad,Male,53,shehzad397@gmail.com,2023-11-11
273,"Fiza Bhatti",Karachi,Female,36,fiza412@yahoo.com,2023-11-05
274,"Awais Akhtar",Islamabad,Male,54,awais792@yahoo.com,2023-09-12
275,"Shehzad Shah",Gwadar,Male,32,shehzad652@yahoo.com,2023-11-09
276,"Fatima Lodhi",Faisalabad,Female,26,fatima421@yahoo.com,2023-05-04
277,"Farah Baig",Gwadar,Female,28,farah302@outlook.com,2023-05-18
278,"Ahmed Raza",Faisalabad,Male,53,ahmed217@yahoo.com,2023-03-18
279,"Maham Syed",Faisalabad,Female,53,maham433@hotmail.com,2023-04-25
280,"Samina Ghani",Sialkot,Female,48,samina341@outlook.com,2023-08-27
281,"Shoaib Zafar",Sialkot,Male,22,shoaib615@gmail.com,2023-01-03
282,"Faisal Akram",Lahore,Male,38,faisal233@hotmail.com,2023-11-27
283,"Nadia Bhatti",Lahore,Female,30,nadia392@yahoo.com,2023-09-19
284,"Maham Malik",Islamabad,Female,18,maham179@gmail.com,2023-08-19
285,"Nimra Yousuf",Faisalabad,Female,23,nimra585@outlook.com,2023-08-01
286,"Amna Nawaz",Karachi,Female,36,amna337@outlook.com,2023-07-10
287,"Awais Nawaz",Sialkot,Male,44,awais816@gmail.com,2023-05-14
288,"Aamir Mehmood",Sialkot,Male,36,aamir951@yahoo.com,2023-05-15
289,"Nadia Ahmed",Lahore,Female,44,nadia757@yahoo.com,2023-10-31
290,"Muhammad Mughal",Gwadar,Male,53,muhammad981@outlook.com,2023-06-03
291,"Hira Qureshi",Sialkot,Female,48,hira401@hotmail.com,2023-03-23
292,"Nadia Ashraf",Karachi,Female,33,nadia333@yahoo.com,2023-05-26
293,"Fozia Farooqi",Islamabad,Female,65,fozia118@yahoo.com,2023-11-19
294,"Rabia Yousuf",Karachi,Female,36,rabia886@hotmail.com,2023-03-08
295,"Rabia Shah",Lahore,Female,58,rabia319@yahoo.com,2023-04-16
296,"Zain Mughal",Sialkot,Male,44,zain124@outlook.com,2023-03-17
297,"Tariq Mirza",Karachi,Male,52,tariq885@yahoo.com,2023-05-14
298,"Saad Ahmed",Karachi,Male,48,saad480@hotmail.com,2023-02-22
299,"Saad Awan",Islamabad,Male,49,saad573@hotmail.com,2023-06-25
300,"Aamir Baig",Faisalabad,Male,33,aamir898@outlook.com,2023-12-15
301,"Usman Baig",Gwadar,Male,45,usman525@gmail.com,2023-07-29
302,"Shoaib Farooqi",Faisalabad,Male,32,shoaib58@outlook.com,2023-06-01
303,"Naila Ghani",Lahore,Female,33,naila33@hotmail.com,2023-02-09
304,"Noman Awan",Karachi,Male,55,noman843@hotmail.com,2023-01-25
305,"Fozia Akram",Islamabad,Female,21,fozia500@outlook.com,2023-11-10
306,"Shabnam Shah",Islamabad,Female,55,shabnam291@hotmail.com,2023-04-12
307,"Kamran Khan",Lahore,Male,42,kamran466@yahoo.com,2023-06-12
308,"Mehwish Ashraf",Sialkot,Female,43,mehwish929@gmail.com,2023-07-24
309,"Sadia Khan",Gwadar,Female,20,sadia334@hotmail.com,2023-02-23
310,"Saad Ashraf",Gwadar,Male,28,saad822@hotmail.com,2023-11-26
311,"Rabia Butt",Islamabad,Female,48,rabia351@hotmail.com,2023-06-15
312,"Uzma Sheikh",Sialkot,Female,61,uzma609@hotmail.com,2023-02-10
313,"Waqar Sheikh",Faisalabad,Male,48,waqar148@outlook.com,2023-12-05
314,"Asad Akhtar",Gwadar,Male,23,asad833@yahoo.com,2023-04-08
315,"Hassan Raza",Sialkot,Male,41,hassan632@gmail.com,2023-08-21
316,"Imran Niazi",Islamabad,Male,39,imran195@gmail.com,2023-10-09
317,"Mehwish Ghani",Islamabad,Female,52,mehwish44@yahoo.com,2023-01-22
318,"Naveed Farooqi",Sialkot,Male,33,naveed510@outlook.com,2023-07-05
319,"Komal Abbasi",Karachi,Female,63,komal187@outlook.com,2023-05-29
320,"Shahid Yousuf",Faisalabad,Male,56,shahid925@hotmail.com,2023-07-15
321,"Junaid Baig",Lahore,Male,27,junaid287@yahoo.com,2023-05-16
322,"Sumaira Siddiqui",Islamabad,Female,34,sumaira69@gmail.com,2023-03-18
323,"Khalid Aslam",Sialkot,Male,61,khalid840@hotmail.com,2023-03-07
324,"Bilal Pasha",Karachi,Male,29,bilal6@outlook.com,2023-07-30
325,"Rabia Pasha",Faisalabad,Female,53,rabia52@hotmail.com,2023-02-02
326,"Naveed Mirza",Sialkot,Male,36,naveed311@hotmail.com,2023-01-17
327,"Raza Gillani",Faisalabad,Male,33,raza110@hotmail.com,2023-11-22
328,"Tayyaba Khan",Sialkot,Female,20,tayyaba681@outlook.com,2023-06-16
329,"Madiha Ansari",Gwadar,Female,45,madiha321@gmail.com,2023-07-02
330,"Kashif Ansari",Faisalabad,Male,38,kashif506@outlook.com,2023-07-07
331,"Nasir Raza",Islamabad,Male,51,nasir657@outlook.com,2023-05-10
332,"Waqar Farooqi",Karachi,Male,31,waqar956@gmail.com,2023-07-24
333,"Asad Ali",Karachi,Male,25,asad35@gmail.com,2023-07-17
334,"Imran Niazi",Sialkot,Male,57,imran106@hotmail.com,2023-06-24
335,"Omar Rizvi",Faisalabad,Male,64,omar393@outlook.com,2023-05-28
336,"Adeel Mirza",Lahore,Male,48,adeel51@hotmail.com,2023-06-21
337,"Aamir Bhatti",Faisalabad,Male,31,aamir39@hotmail.com,2023-07-23
338,"Tayyaba Nawaz",Lahore,Female,18,tayyaba74@outlook.com,2023-06-13
339,"Laila Aslam",Islamabad,Female,63,laila273@outlook.com,2023-03-09
340,"Kiran Mirza",Karachi,Female,33,kiran784@outlook.com,2023-03-08
341,"Daniyal Shah",Islamabad,Male,27,daniyal637@yahoo.com,2023-05-07
342,"Muhammad Shah",Gwadar,Male,58,muhammad878@gmail.com,2023-09-05
343,"Fahad Raza",Faisalabad,Male,57,fahad133@outlook.com,2023-05-27
344,"Tariq Khan",Faisalabad,Male,18,tariq683@hotmail.com,2023-05-17
345,"Sumaira Ghani",Lahore,Female,19,sumaira540@gmail.com,2023-08-04
346,"Farah Awan",Karachi,Female,20,farah589@yahoo.com,2023-09-01
347,"Tahira Yousuf",Sialkot,Female,28,tahira312@yahoo.com,2023-06-12
348,"Maryam Shah",Karachi,Female,51,maryam775@hotmail.com,2023-10-26
349,"Hamza Hashmi",Karachi,Male,34,hamza925@hotmail.com,2023-07-29
350,"Ahmed Yousuf",Gwadar,Male,61,ahmed83@outlook.com,2023-07-06
351,"Danish Mirza",Karachi,Male,21,danish592@outlook.com,2023-08-08
352,"Kamran Rizvi",Faisalabad,Male,46,kamran266@hotmail.com,2023-09-11
353,"Saira Nawaz",Karachi,Female,39,saira640@hotmail.com,2023-06-24
354,"Amber Sheikh",Sialkot,Female,42,amber7@yahoo.com,2023-11-14
355,"Shazia Niazi",Sialkot,Female,36,shazia711@gmail.com,2023-01-10
356,"Asad Ahmed",Faisalabad,Male,59,asad447@gmail.com,2023-12-27
357,"Huma Ali",Islamabad,Female,54,huma755@yahoo.com,2023-09-07
358,"Shoaib Aslam",Sialkot,Male,42,shoaib917@hotmail.com,2023-01-06
359,"Zubair Shah",Islamabad,Male,35,zubair589@yahoo.com,2023-09-04
360,"Rabia Shah",Islamabad,Female,40,rabia280@gmail.com,2023-07-15
361,"Iqra Ashraf",Karachi,Female,60,iqra196@hotmail.com,2023-06-16
362,"Daniyal Farooqi",Islamabad,Male,57,daniyal204@yahoo.com,2023-08-05
363,"Nimra Ali",Faisalabad,Female,44,nimra64@yahoo.com,2023-06-19
364,"Zain Raza",Karachi,Male,58,zain320@hotmail.com,2023-07-08
365,"Mehak Niazi",Karachi,Female,23,mehak77@hotmail.com,2023-08-18
366,"Fiza Niazi",Islamabad,Female,38,fiza930@gmail.com,2023-08-24
367,"Nimra Bhatti",Faisalabad,Female,28,nimra579@hotmail.com,2023-03-07
368,"Madiha Hussain",Sialkot,Female,32,madiha205@hotmail.com,2023-02-18
369,"Omer Hussain",Islamabad,Male,32,omer696@hotmail.com,2023-09-11
370,"Zahid Akram",Faisalabad,Male,19,zahid142@yahoo.com,2023-12-07
371,"Mohsin Nawaz",Gwadar,Male,35,mohsin538@gmail.com,2023-01-01
372,"Ali Siddiqui",Lahore,Male,30,ali164@hotmail.com,2023-08-31
373,"Naila Qureshi",Sialkot,Female,33,naila390@hotmail.com,2023-11-17
374,"Omar Pasha",Sialkot,Male,61,omar492@gmail.com,2023-12-16
375,"Mehak Pasha",Islamabad,Female,41,mehak23@yahoo.com,2023-07-14
376,"Zubair Farooqi",Islamabad,Male,42,zubair105@outlook.com,2023-11-12
377,"Zainab Raza",Gwadar,Female,64,zainab731@gmail.com,2023-01-31
378,"Amber Hashmi",Lahore,Female,50,amber360@hotmail.com,2023-06-11
379,"Talha Nawaz",Sialkot,Male,58,talha250@outlook.com,2023-12-01
380,"Yasir Farooqi",Karachi,Male,50,yasir536@hotmail.com,2023-09-14
381,"Asma Chaudhry",Karachi,Female,39,asma20@hotmail.com,2023-12-12
382,"Mohsin Raza",Faisalabad,Male,37,mohsin884@hotmail.com,2023-04-21
383,"Shehzad Gillani",Gwadar,Male,31,shehzad37@outlook.com,2023-05-15
384,"Sana Qureshi",Karachi,Female,22,sana250@outlook.com,2023-10-17
385,"Ayesha Mughal",Gwadar,Female,21,ayesha751@gmail.com,2023-09-18
386,"Waqar Butt",Karachi,Male,31,waqar430@outlook.com,2023-06-30
387,"Sadia Siddiqui",Sialkot,Female,39,sadia620@outlook.com,2023-04-23
388,"Hassan Rizvi",Karachi,Male,47,hassan69@outlook.com,2023-11-25
389,"Shoaib Abbasi",Karachi,Male,41,shoaib317@gmail.com,2023-06-12
390,"Salman Butt",Faisalabad,Male,46,salman423@gmail.com,2023-04-10
391,"Lubna Rajput",Gwadar,Female,35,lubna782@hotmail.com,2023-03-09
392,"Yasir Javed",Karachi,Male,39,yasir123@yahoo.com,2023-07-05
393,"Zain Durrani",Lahore,Male,48,zain612@outlook.com,2023-05-03
394,"Bilal Siddiqui",Lahore,Male,55,bilal153@outlook.com,2023-12-23
395,"Waseem Malik",Islamabad,Male,63,waseem705@hotmail.com,2023-06-28
396,"Mohsin Farooqi",Karachi,Male,25,mohsin400@yahoo.com,2023-07-02
397,"Rukhsar Baig",Sialkot,Female,28,rukhsar278@gmail.com,2023-11-11
398,"Mehak Syed",Karachi,Female,19,mehak179@yahoo.com,2023-03-01
399,"Sadia Hashmi",Islamabad,Female,30,sadia918@outlook.com,2023-11-25
400,"Naveed Qureshi",Faisalabad,Male,25,naveed672@hotmail.com,2023-02-13
401,"Fatima Siddiqui",Islamabad,Female,61,fatima679@gmail.com,2023-09-21
402,"Zainab Pasha",Gwadar,Female,26,zainab208@outlook.com,2023-08-10
403,"Sadia Durrani",Faisalabad,Female,33,sadia773@gmail.com,2023-01-19
404,"Samina Hashmi",Gwadar,Female,64,samina672@gmail.com,2023-11-30
405,"Fozia Shah",Sialkot,Female,43,fozia202@outlook.com,2023-10-26
406,"Hamza Mirza",Lahore,Male,22,hamza545@yahoo.com,2023-01-12
407,"Hamza Lodhi",Lahore,Male,28,hamza143@gmail.com,2023-03-22
408,"Zubair Awan",Karachi,Male,51,zubair53@outlook.com,2023-01-03
409,"Aliza Awan",Islamabad,Female,45,aliza754@outlook.com,2023-09-09
410,"Arslan Hussain",Faisalabad,Male,62,arslan363@outlook.com,2023-08-01
411,"Saad Rizvi",Sialkot,Male,23,saad820@gmail.com,2023-01-18
412,"Mehak Malik",Islamabad,Female,38,mehak132@gmail.com,2023-01-16
413,"Zubair Lodhi",Gwadar,Male,52,zubair416@hotmail.com,2023-11-03
414,"Talha Zafar",Karachi,Male,46,talha561@yahoo.com,2023-08-30
415,"Usman Javed",Lahore,Male,43,usman648@outlook.com,2023-12-01
416,"Naila Mughal",Karachi,Female,65,naila87@outlook.com,2023-11-12
417,"Nida Akram",Karachi,Female,50,nida318@gmail.com,2023-01-07
418,"Nimra Abbasi",Sialkot,Female,37,nimra122@outlook.com,2023-03-12
419,"Khalid Hussain",Sialkot,Male,41,khalid649@gmail.com,2023-06-18
420,"Shabnam Chaudhry",Islamabad,Female,33,shabnam960@yahoo.com,2023-05-06
421,"Arslan Mirza",Sialkot,Male,37,arslan33@outlook.com,2023-01-20
422,"Zahid Pasha",Lahore,Male,42,zahid281@yahoo.com,2023-05-19
423,"Amber Ali",Gwadar,Female,33,amber166@gmail.com,2023-06-30
424,"Muhammad Rizvi",Islamabad,Male,24,muhammad585@yahoo.com,2023-11-23
425,"Awais Aslam",Faisalabad,Male,38,awais38@hotmail.com,2023-07-08
426,"Laila Baig",Faisalabad,Female,25,laila413@outlook.com,2023-01-09
427,"Uzma Rizvi",Lahore,Female,23,uzma935@gmail.com,2023-12-12
428,"Adeel Durrani",Islamabad,Male,58,adeel774@outlook.com,2023-05-20
429,"Lubna Ghani",Gwadar,Female,65,lubna571@hotmail.com,2023-03-21
430,"Nadia Ansari",Gwadar,Female,43,nadia701@yahoo.com,2023-06-01
431,"Faisal Mughal",Karachi,Male,55,faisal811@outlook.com,2023-05-31
432,"Saad Akhtar",Karachi,Male,29,saad882@gmail.com,2023-08-09
433,"Aamir Niazi",Sialkot,Male,44,aamir210@yahoo.com,2023-01-25
434,"Awais Hashmi",Sialkot,Male,26,awais784@yahoo.com,2023-01-25
435,"Rizwan Ansari",Lahore,Male,18,rizwan15@yahoo.com,2023-10-18
436,"Salman Lodhi",Lahore,Male,51,salman302@outlook.com,2023-08-09
437,"Shabnam Farooqi",Karachi,Female,62,shabnam402@gmail.com,2023-07-02
438,"Zahid Durrani",Faisalabad,Male,59,zahid893@hotmail.com,2023-07-09
439,"Saad Akhtar",Islamabad,Male,37,saad575@hotmail.com,2023-06-11
440,"Shahid Awan",Lahore,Male,22,shahid811@yahoo.com,2023-10-10
441,"Uzma Raza",Lahore,Female,37,uzma848@gmail.com,2023-01-28
442,"Lubna Aslam",Karachi,Female,31,lubna860@outlook.com,2023-11-21
443,"Iqra Ahmed",Faisalabad,Female,36,iqra936@yahoo.com,2023-02-02
444,"Kashif Awan",Lahore,Male,62,kashif692@yahoo.com,2023-04-12
445,"Zainab Hashmi",Karachi,Female,60,zainab338@gmail.com,2023-04-17
446,"Tariq Mirza",Gwadar,Male,26,tariq777@gmail.com,2023-06-22
447,"Nimra Yousuf",Sialkot,Female,22,nimra268@hotmail.com,2023-09-27
448,"Mehak Malik",Islamabad,Female,26,mehak918@outlook.com,2023-09-02
449,"Muhammad Hussain",Karachi,Male,64,muhammad578@hotmail.com,2023-12-16
450,"Samina Baig",Gwadar,Female,65,samina147@outlook.com,2023-08-01
451,"Uzma Ali",Islamabad,Female,56,uzma196@outlook.com,2023-10-05
452,"Nida Mehmood",Faisalabad,Female,48,nida286@yahoo.com,2023-06-27
453,"Danish Khan",Karachi,Male,61,danish579@gmail.com,2023-11-14
454,"Farah Nawaz",Faisalabad,Female,42,farah494@yahoo.com,2023-10-24
455,"Anum Farooqi",Islamabad,Female,42,anum297@outlook.com,2023-11-21
456,"Mehwish Ansari",Gwadar,Female,61,mehwish151@hotmail.com,2023-05-30
457,"Sobia Zafar",Faisalabad,Female,28,sobia712@gmail.com,2023-07-30
458,"Nasir Akhtar",Sialkot,Male,26,nasir611@gmail.com,2023-10-01
459,"Shazia Ghani",Islamabad,Female,51,shazia570@outlook.com,2023-05-12
460,"Mohsin Mirza",Faisalabad,Male,24,mohsin580@hotmail.com,2023-07-22
461,"Ayesha Ansari",Karachi,Female,28,ayesha182@outlook.com,2023-07-25
462,"Nadia Aslam",Faisalabad,Female,30,nadia705@hotmail.com,2023-12-15
463,"Danish Mughal",Islamabad,Male,35,danish473@outlook.com,2023-11-08
464,"Amna Sheikh",Karachi,Female,23,amna602@hotmail.com,2023-03-17
465,"Daniyal Ghani",Karachi,Male,40,daniyal239@yahoo.com,2023-11-16
466,"Ali Farooqi",Karachi,Male,34,ali44@gmail.com,2023-02-24
467,"Zeeshan Gillani",Sialkot,Male,52,zeeshan569@yahoo.com,2023-07-17
468,"Rizwan Awan",Sialkot,Male,58,rizwan637@yahoo.com,2023-12-18
469,"Imran Bhatti",Karachi,Male,62,imran62@hotmail.com,2023-05-07
470,"Arslan Rajput",Gwadar,Male,37,arslan42@gmail.com,2023-01-27
471,"Babar Chaudhry",Lahore,Male,37,babar122@hotmail.com,2023-05-31
472,"Ahmed Ali",Gwadar,Male,23,ahmed728@gmail.com,2023-12-10
473,"Rabia Ashraf",Karachi,Female,61,rabia321@outlook.com,2023-08-03
474,"Maria Nawaz",Islamabad,Female,59,maria622@hotmail.com,2023-06-06
475,"Yasir Zafar",Sialkot,Male,46,yasir157@outlook.com,2023-01-07
476,"Fozia Siddiqui",Islamabad,Female,60,fozia659@yahoo.com,2023-12-20
477,"Shahid Yousuf",Sialkot,Male,25,shahid797@hotmail.com,2023-09-30
478,"Shoaib Hussain",Karachi,Male,32,shoaib428@gmail.com,2023-06-06
479,"Zainab Mughal",Karachi,Female,22,zainab190@yahoo.com,2023-12-03
480,"Rizwan Ahmed",Lahore,Male,46,rizwan164@gmail.com,2023-01-04
481,"Shazia Awan",Islamabad,Female,25,shazia993@gmail.com,2023-09-09
482,"Naveed Ashraf",Faisalabad,Male,20,naveed613@outlook.com,2023-03-03
483,"Nimra Abbasi",Islamabad,Female,64,nimra804@gmail.com,2023-08-27
484,"Adnan Ashraf",Faisalabad,Male,53,adnan565@hotmail.com,2023-04-01
485,"Awais Tariq",Karachi,Male,39,awais165@hotmail.com,2023-02-13
486,"Sidra Niazi",Sialkot,Female,20,sidra939@outlook.com,2023-10-01
487,"Maria Sheikh",Gwadar,Female,40,maria578@hotmail.com,2023-05-20
488,"Sobia Farooqi",Faisalabad,Female,20,sobia570@gmail.com,2023-03-10
489,"Iqra Hashmi",Faisalabad,Female,48,iqra185@hotmail.com,2023-10-04
490,"Sadia Farooqi",Islamabad,Female,49,sadia45@hotmail.com,2023-05-20
491,"Lubna Ansari",Gwadar,Female,50,lubna172@yahoo.com,2023-08-01
492,"Huma Malik",Karachi,Female,44,huma174@yahoo.com,2023-04-28
493,"Naila Butt",Sialkot,Female,63,naila290@gmail.com,2023-08-04
494,"Huma Hashmi",Gwadar,Female,41,huma393@yahoo.com,2023-06-08
495,"Usman Ansari",Islamabad,Male,56,usman224@hotmail.com,2023-12-19
496,"Shoaib Ahmed",Faisalabad,Male,41,shoaib572@gmail.com,2023-06-28
497,"Ali Ghani",Islamabad,Male,42,ali815@yahoo.com,2023-05-08
498,"Zainab Rajput",Karachi,Female,40,zainab751@outlook.com,2023-08-14
499,"Junaid Hashmi",Gwadar,Male,23,junaid907@outlook.com,2023-05-19
500,"Shoaib Akram",Karachi,Male,55,shoaib282@hotmail.com,2023-06-18
501,"Talha Rajput",Faisalabad,Male,41,talha883@gmail.com,2023-06-30
502,"Madiha Aslam",Islamabad,Female,58,madiha606@hotmail.com,2023-06-06
503,"Uzma Lodhi",Karachi,Female,35,uzma154@yahoo.com,2023-05-03
504,"Sadia Awan",Faisalabad,Female,49,sadia701@outlook.com,2023-04-15
505,"Iqra Raza",Karachi,Female,20,iqra192@hotmail.com,2023-07-21
506,"Rida Awan",Karachi,Female,31,rida66@outlook.com,2023-06-12
507,"Shabnam Bhatti",Faisalabad,Female,54,shabnam270@outlook.com,2023-12-30
508,"Tayyaba Baig",Sialkot,Female,43,tayyaba653@yahoo.com,2023-07-26
509,"Imran Raza",Faisalabad,Male,29,imran560@hotmail.com,2023-03-25
510,"Sidra Chaudhry",Faisalabad,Female,29,sidra693@yahoo.com,2023-05-18
511,"Mohsin Rizvi",Sialkot,Male,39,mohsin542@gmail.com,2023-08-24
512,"Mehwish Baig",Lahore,Female,28,mehwish864@outlook.com,2023-10-11
513,"Rizwan Sheikh",Sialkot,Male,50,rizwan966@yahoo.com,2023-12-05
514,"Irfan Akram",Faisalabad,Male,24,irfan94@gmail.com,2023-10-26
515,"Aliza Mirza",Sialkot,Female,28,aliza93@outlook.com,2023-05-14
516,"Anum Ansari",Gwadar,Female,34,anum127@hotmail.com,2023-06-16
517,"Sara Zafar",Gwadar,Female,34,sara278@yahoo.com,2023-05-25
518,"Kashif Khan",Karachi,Male,45,kashif483@gmail.com,2023-04-01
519,"Awais Raza",Islamabad,Male,43,awais25@gmail.com,2023-03-23
520,"Omer Zafar",Islamabad,Male,62,omer708@outlook.com,2023-07-18
521,"Rukhsar Khan",Faisalabad,Female,54,rukhsar697@hotmail.com,2023-11-07
522,"Asad Nawaz",Sialkot,Male,25,asad861@yahoo.com,2023-02-27
523,"Sara Gillani",Faisalabad,Female,18,sara882@outlook.com,2023-06-15
524,"Maria Siddiqui",Sialkot,Female,44,maria604@hotmail.com,2023-06-03
525,"Zeeshan Awan",Islamabad,Male,26,zeeshan610@hotmail.com,2023-09-20
526,"Rukhsar Durrani",Sialkot,Female,62,rukhsar986@gmail.com,2023-05-14
527,"Sidra Mehmood",Faisalabad,Female,48,sidra503@outlook.com,2023-11-11
528,"Danish Baig",Karachi,Male,64,danish665@outlook.com,2023-09-12
529,"Omar Qureshi",Gwadar,Male,48,omar213@yahoo.com,2023-06-11
530,"Saad Javed",Gwadar,Male,57,saad269@outlook.com,2023-09-25
531,"Salman Syed",Islamabad,Male,18,salman401@hotmail.com,2023-03-31
532,"Saba Baig",Gwadar,Female,58,saba650@yahoo.com,2023-05-09
533,"Zahid Hashmi",Gwadar,Male,49,zahid64@gmail.com,2023-08-10
534,"Rizwan Butt",Karachi,Male,62,rizwan132@yahoo.com,2023-09-17
535,"Awais Tariq",Faisalabad,Male,64,awais565@outlook.com,2023-07-12
536,"Javeria Ghani",Gwadar,Female,65,javeria642@yahoo.com,2023-11-18
537,"Irfan Gillani",Karachi,Male,44,irfan291@gmail.com,2023-12-29
538,"Zain Farooqi",Karachi,Male,45,zain287@yahoo.com,2023-06-14
539,"Naila Khan",Faisalabad,Female,29,naila676@hotmail.com,2023-12-06
540,"Zain Malik",Karachi,Male,35,zain557@hotmail.com,2023-09-17
541,"Asma Yousuf",Gwadar,Female,53,asma426@gmail.com,2023-02-17
542,"Noman Nawaz",Sialkot,Male,42,noman901@outlook.com,2023-08-29
543,"Madiha Ahmed",Sialkot,Female,44,madiha476@gmail.com,2023-11-24
544,"Huma Sheikh",Faisalabad,Female,31,huma617@outlook.com,2023-09-09
545,"Tariq Awan",Faisalabad,Male,62,tariq516@gmail.com,2023-12-30
546,"Waleed Sheikh",Faisalabad,Male,65,waleed760@gmail.com,2023-10-31
547,"Raza Chaudhry",Islamabad,Male,22,raza456@hotmail.com,2023-10-25
548,"Tariq Akram",Sialkot,Male,57,tariq131@outlook.com,2023-01-31
549,"Amna Syed",Islamabad,Female,30,amna372@gmail.com,2023-04-28
550,"Yasir Ghani",Karachi,Male,55,yasir447@gmail.com,2023-08-27
551,"Maham Raza",Karachi,Female,54,maham82@gmail.com,2023-05-30
552,"Maria Chaudhry",Gwadar,Female,53,maria222@yahoo.com,2023-02-02
553,"Fatima Qureshi",Islamabad,Female,23,fatima545@gmail.com,2023-01-21
554,"Sobia Farooqi",Karachi,Female,39,sobia109@gmail.com,2023-12-08
555,"Uzma Syed",Karachi,Female,55,uzma262@outlook.com,2023-01-21
556,"Rabia Ansari",Sialkot,Female,25,rabia670@gmail.com,2023-07-12
557,"Hira Khan",Faisalabad,Female,45,hira452@hotmail.com,2023-07-22
558,"Uzma Siddiqui",Lahore,Female,25,uzma502@gmail.com,2023-09-17
559,"Shoaib Hashmi",Gwadar,Male,30,shoaib248@yahoo.com,2023-02-12
560,"Amber Malik",Gwadar,Female,54,amber146@gmail.com,2023-07-09
561,"Tayyaba Qureshi",Sialkot,Female,59,tayyaba980@outlook.com,2023-11-11
562,"Laila Siddiqui",Faisalabad,Female,18,laila727@gmail.com,2023-04-16
563,"Maham Mirza",Karachi,Female,27,maham585@outlook.com,2023-04-08
564,"Sobia Qureshi",Karachi,Female,45,sobia743@gmail.com,2023-07-09
565,"Naila Ali",Karachi,Female,44,naila297@hotmail.com,2023-11-30
566,"Shahid Chaudhry",Sialkot,Male,21,shahid34@hotmail.com,2023-01-03
567,"Babar Yousuf",Sialkot,Male,46,babar901@outlook.com,2023-11-29
568,"Usman Chaudhry",Gwadar,Male,34,usman944@yahoo.com,2023-09-28
569,"Kamran Abbasi",Lahore,Male,57,kamran85@hotmail.com,2023-11-15
570,"Naveed Ashraf",Islamabad,Male,18,naveed103@outlook.com,2023-10-25
571,"Maryam Ansari",Faisalabad,Female,30,maryam405@hotmail.com,2023-11-03
572,"Usman Sheikh",Faisalabad,Male,41,usman419@gmail.com,2023-06-08
573,"Sara Akram",Islamabad,Female,22,sara79@yahoo.com,2023-06-12
574,"Ahmed Nawaz",Gwadar,Male,24,ahmed444@outlook.com,2023-02-18
575,"Hira Javed",Lahore,Female,57,hira104@hotmail.com,2023-04-27
576,"Naila Sheikh",Karachi,Female,58,naila437@hotmail.com,2023-03-08
577,"Danish Mehmood",Karachi,Male,47,danish158@yahoo.com,2023-01-05
578,"Iqra Akram",Sialkot,Female,54,iqra46@outlook.com,2023-04-21
579,"Talha Mughal",Sialkot,Male,42,talha967@yahoo.com,2023-05-24
580,"Naveed Ali",Karachi,Male,64,naveed512@yahoo.com,2023-09-23
581,"Fatima Nawaz",Lahore,Female,20,fatima161@outlook.com,2023-09-12
582,"Laila Rizvi",Lahore,Female,38,laila830@gmail.com,2023-04-09
583,"Kiran Zafar",Sialkot,Female,53,kiran917@hotmail.com,2023-08-18
584,"Tahira Rizvi",Faisalabad,Female,63,tahira386@gmail.com,2023-04-05
585,"Farah Mughal",Gwadar,Female,24,farah183@outlook.com,2023-02-14
586,"Junaid Shah",Islamabad,Male,25,junaid784@hotmail.com,2023-06-24
587,"Fatima Tariq",Islamabad,Female,30,fatima116@gmail.com,2023-04-20
588,"Fozia Awan",Faisalabad,Female,30,fozia276@hotmail.com,2023-05-25
589,"Amna Nawaz",Lahore,Female,57,amna754@hotmail.com,2023-04-08
590,"Tariq Mehmood",Islamabad,Male,20,tariq44@yahoo.com,2023-05-30
591,"Waseem Zafar",Islamabad,Male,51,waseem492@outlook.com,2023-04-24
592,"Ahmed Malik",Sialkot,Male,30,ahmed554@yahoo.com,2023-10-10
593,"Saira Ali",Lahore,Female,32,saira997@yahoo.com,2023-04-27
594,"Ayesha Mehmood",Faisalabad,Female,53,ayesha913@yahoo.com,2023-05-26
595,"Ahmed Niazi",Faisalabad,Male,62,ahmed20@outlook.com,2023-08-18
596,"Saad Ahmed",Lahore,Male,36,saad238@hotmail.com,2023-09-30
597,"Daniyal Nawaz",Faisalabad,Male,57,daniyal279@outlook.com,2023-10-31
598,"Tahira Niazi",Karachi,Female,64,tahira183@outlook.com,2023-03-25
599,"Rizwan Khan",Faisalabad,Male,21,rizwan246@hotmail.com,2023-05-09
600,"Samina Nawaz",Islamabad,Female,27,samina625@yahoo.com,2023-12-09
601,"Talha Niazi",Gwadar,Male,59,talha313@hotmail.com,2023-01-02
602,"Adnan Zafar",Karachi,Male,44,adnan66@hotmail.com,2023-01-27
603,"Javeria Pasha",Lahore,Female,23,javeria934@yahoo.com,2023-04-02
604,"Samina Nawaz",Lahore,Female,31,samina528@outlook.com,2023-11-25
605,"Rabia Gillani",Islamabad,Female,41,rabia694@gmail.com,2023-02-17
606,"Asad Ansari",Faisalabad,Male,65,asad365@gmail.com,2023-05-26
607,"Nimra Gillani",Karachi,Female,41,nimra104@outlook.com,2023-06-23
608,"Nimra Mughal",Lahore,Female,39,nimra480@outlook.com,2023-12-01
609,"Yasir Gillani",Lahore,Male,40,yasir651@gmail.com,2023-06-30
610,"Amna Mehmood",Islamabad,Female,64,amna148@hotmail.com,2023-01-25
611,"Omer Mirza",Karachi,Male,41,omer835@outlook.com,2023-08-19
612,"Zainab Zafar",Karachi,Female,26,zainab2@hotmail.com,2023-12-17
613,"Hamza Zafar",Faisalabad,Male,39,hamza851@hotmail.com,2023-02-04
614,"Daniyal Siddiqui",Gwadar,Male,47,daniyal902@gmail.com,2023-12-29
615,"Naveed Ali",Gwadar,Male,58,naveed553@hotmail.com,2023-05-21
616,"Iqra Khan",Lahore,Female,19,iqra955@outlook.com,2023-05-29
617,"Mehak Sheikh",Faisalabad,Female,27,mehak775@yahoo.com,2023-07-01
618,"Zain Gillani",Gwadar,Male,60,zain772@gmail.com,2023-01-06
619,"Aamir Abbasi",Gwadar,Male,24,aamir649@yahoo.com,2023-11-27
620,"Hassan Abbasi",Lahore,Male,39,hassan685@yahoo.com,2023-09-30
621,"Aamir Durrani",Islamabad,Male,60,aamir951@outlook.com,2023-12-08
622,"Shehzad Gillani",Karachi,Male,43,shehzad39@yahoo.com,2023-03-04
623,"Daniyal Butt",Sialkot,Male,20,daniyal448@outlook.com,2023-10-25
624,"Shazia Butt",Gwadar,Female,24,shazia729@hotmail.com,2023-08-27
625,"Rida Yousuf",Faisalabad,Female,29,rida882@hotmail.com,2023-12-19
626,"Madiha Lodhi",Karachi,Female,26,madiha222@outlook.com,2023-11-24
627,"Sidra Tariq",Sialkot,Female,33,sidra268@hotmail.com,2023-03-26
628,"Muhammad Rizvi",Islamabad,Male,35,muhammad860@outlook.com,2023-03-22
629,"Saad Niazi",Islamabad,Male,29,saad521@gmail.com,2023-07-25
630,"Lubna Shah",Lahore,Female,55,lubna760@hotmail.com,2023-10-10
631,"Shazia Zafar",Sialkot,Female,46,shazia118@gmail.com,2023-03-27
632,"Nida Bhatti",Islamabad,Female,49,nida19@hotmail.com,2023-05-18
633,"Rabia Malik",Karachi,Female,37,rabia135@hotmail.com,2023-09-27
634,"Zeeshan Durrani",Karachi,Male,39,zeeshan502@outlook.com,2023-02-18
635,"Omer Hussain",Gwadar,Male,49,omer608@hotmail.com,2023-09-01
636,"Tooba Baig",Gwadar,Female,31,tooba672@gmail.com,2023-10-26
637,"Maria Shah",Islamabad,Female,60,maria808@outlook.com,2023-10-20
638,"Aamir Ali",Lahore,Male,36,aamir312@outlook.com,2023-08-11
639,"Zahid Baig",Karachi,Male,55,zahid487@yahoo.com,2023-08-25
640,"Waleed Abbasi",Gwadar,Male,60,waleed708@hotmail.com,2023-02-11
641,"Fiza Farooqi",Lahore,Female,36,fiza996@outlook.com,2023-10-13
642,"Yasir Ahmed",Sialkot,Male,27,yasir575@outlook.com,2023-09-12
643,"Tahira Nawaz",Islamabad,Female,65,tahira843@outlook.com,2023-05-21
644,"Ayesha Javed",Islamabad,Female,46,ayesha989@yahoo.com,2023-03-10
645,"Rida Khan",Gwadar,Female,65,rida897@gmail.com,2023-03-11
646,"Babar Javed",Karachi,Male,36,babar747@yahoo.com,2023-09-09
647,"Shoaib Ashraf",Gwadar,Male,52,shoaib591@yahoo.com,2023-02-20
648,"Sohail Butt",Faisalabad,Male,22,sohail149@outlook.com,2023-03-03
649,"Saira Javed",Karachi,Female,21,saira471@yahoo.com,2023-04-20
650,"Imran Ashraf",Gwadar,Male,29,imran603@yahoo.com,2023-05-23
651,"Faisal Siddiqui",Karachi,Male,19,faisal344@outlook.com,2023-05-30
652,"Uzma Syed",Islamabad,Female,40,uzma229@hotmail.com,2023-12-22
653,"Rabia Qureshi",Lahore,Female,34,rabia715@yahoo.com,2023-06-23
654,"Uzma Aslam",Sialkot,Female,25,uzma21@gmail.com,2023-05-27
655,"Uzma Farooqi",Sialkot,Female,60,uzma737@yahoo.com,2023-05-30
656,"Imran Syed",Sialkot,Male,57,imran695@hotmail.com,2023-12-22
657,"Ayesha Hashmi",Gwadar,Female,34,ayesha212@gmail.com,2023-04-03
658,"Asad Ghani",Sialkot,Male,41,asad649@yahoo.com,2023-03-21
659,"Maria Ahmed",Gwadar,Female,53,maria575@outlook.com,2023-08-30
660,"Shabnam Ahmed",Lahore,Female,30,shabnam396@gmail.com,2023-11-25
661,"Noman Hussain",Islamabad,Male,37,noman324@gmail.com,2023-01-20
662,"Tahira Akhtar",Karachi,Female,22,tahira809@yahoo.com,2023-06-27
663,"Awais Raza",Islamabad,Male,18,awais617@outlook.com,2023-09-12
664,"Sidra Pasha",Karachi,Female,58,sidra123@yahoo.com,2023-01-29
665,"Anum Hashmi",Sialkot,Female,29,anum775@yahoo.com,2023-01-19
666,"Sumaira Ashraf",Lahore,Female,54,sumaira295@hotmail.com,2023-06-24
667,"Sobia Bhatti",Islamabad,Female,24,sobia918@hotmail.com,2023-11-28
668,"Bushra Syed",Faisalabad,Female,49,bushra882@yahoo.com,2023-12-18
669,"Ali Ahmed",Islamabad,Male,45,ali691@gmail.com,2023-11-16
670,"Fatima Akram",Faisalabad,Female,37,fatima876@yahoo.com,2023-12-18
671,"Shazia Niazi",Gwadar,Female,23,shazia562@hotmail.com,2023-04-26
672,"Huma Qureshi",Karachi,Female,19,huma270@yahoo.com,2023-10-18
673,"Laila Hashmi",Sialkot,Female,26,laila395@gmail.com,2023-06-02
674,"Fatima Mirza",Karachi,Female,23,fatima898@hotmail.com,2023-06-15
675,"Khalid Siddiqui",Lahore,Male,43,khalid745@hotmail.com,2023-10-22
676,"Saba Tariq",Islamabad,Female,41,saba743@yahoo.com,2023-09-18
677,"Maham Farooqi",Faisalabad,Female,24,maham926@outlook.com,2023-01-26
678,"Haris Chaudhry",Lahore,Male,58,haris463@hotmail.com,2023-03-17
679,"Saira Yousuf",Islamabad,Female,22,saira784@outlook.com,2023-01-26
680,"Naveed Shah",Sialkot,Male,38,naveed304@gmail.com,2023-07-06
681,"Danish Tariq",Karachi,Male,25,danish996@yahoo.com,2023-09-17
682,"Usman Javed",Faisalabad,Male,24,usman53@yahoo.com,2023-11-02
683,"Usman Ansari",Sialkot,Male,27,usman370@hotmail.com,2023-07-31
684,"Shoaib Yousuf",Sialkot,Male,30,shoaib92@hotmail.com,2023-09-07
685,"Fatima Ansari",Faisalabad,Female,31,fatima362@hotmail.com,2023-02-18
686,"Asma Nawaz",Lahore,Female,57,asma559@gmail.com,2023-07-19
687,"Sara Khan",Faisalabad,Female,48,sara832@yahoo.com,2023-05-12
688,"Rida Akhtar",Karachi,Female,30,rida252@yahoo.com,2023-03-06
689,"Faisal Mehmood",Islamabad,Male,53,faisal916@outlook.com,2023-07-12
690,"Haris Chaudhry",Faisalabad,Male,25,haris879@hotmail.com,2023-07-27
691,"Arslan Farooqi",Islamabad,Male,34,arslan739@hotmail.com,2023-05-28
692,"Lubna Mirza",Karachi,Female,56,lubna230@yahoo.com,2023-02-27
693,"Iqra Durrani",Lahore,Female,51,iqra394@gmail.com,2023-01-28
694,"Javeria Rizvi",Gwadar,Female,24,javeria922@outlook.com,2023-08-19
695,"Amna Farooqi",Karachi,Female,24,amna525@hotmail.com,2023-01-26
696,"Daniyal Raza",Islamabad,Male,64,daniyal122@yahoo.com,2023-03-12
697,"Amna Khan",Karachi,Female,57,amna150@hotmail.com,2023-12-11
698,"Asad Raza",Karachi,Male,54,asad516@hotmail.com,2023-07-31
699,"Daniyal Mehmood",Karachi,Male,32,daniyal50@yahoo.com,2023-12-05
700,"Shehzad Mughal",Gwadar,Male,39,shehzad41@hotmail.com,2023-12-22
701,"Fiza Shah",Sialkot,Female,55,fiza103@outlook.com,2023-06-21
702,"Aamir Lodhi",Gwadar,Male,56,aamir177@hotmail.com,2023-02-26
703,"Kashif Ashraf",Faisalabad,Male,22,kashif990@outlook.com,2023-02-21
704,"Zeeshan Niazi",Gwadar,Male,57,zeeshan951@outlook.com,2023-08-04
705,"Waseem Baig",Gwadar,Male,49,waseem628@yahoo.com,2023-04-27
706,"Shabnam Ghani",Gwadar,Female,44,shabnam304@yahoo.com,2023-01-27
707,"Maham Awan",Karachi,Female,22,maham911@gmail.com,2023-05-20
708,"Shehzad Aslam",Islamabad,Male,63,shehzad763@yahoo.com,2023-10-24
709,"Iqra Ali",Faisalabad,Female,51,iqra848@yahoo.com,2023-04-14
710,"Bushra Durrani",Faisalabad,Female,19,bushra931@hotmail.com,2023-08-01
711,"Zubair Aslam",Karachi,Male,30,zubair847@yahoo.com,2023-01-15
712,"Nida Nawaz",Lahore,Female,49,nida453@gmail.com,2023-11-01
713,"Aliza Baig",Islamabad,Female,47,aliza772@gmail.com,2023-04-22
714,"Aliza Durrani",Sialkot,Female,65,aliza591@outlook.com,2023-03-05
715,"Anum Chaudhry",Lahore,Female,51,anum558@outlook.com,2023-07-26
716,"Saba Raza",Sialkot,Female,48,saba846@hotmail.com,2023-04-29
717,"Nadia Abbasi",Islamabad,Female,33,nadia832@yahoo.com,2023-09-02
718,"Bilal Ahmed",Islamabad,Male,28,bilal861@yahoo.com,2023-11-21
719,"Saba Bhatti",Karachi,Female,30,saba753@hotmail.com,2023-03-07
720,"Nimra Yousuf",Islamabad,Female,41,nimra514@hotmail.com,2023-12-23
721,"Ayesha Baig",Lahore,Female,52,ayesha228@gmail.com,2023-08-18
722,"Khalid Aslam",Sialkot,Male,43,khalid936@gmail.com,2023-07-08
723,"Rabia Akhtar",Lahore,Female,36,rabia883@outlook.com,2023-03-24
724,"Zahid Farooqi",Faisalabad,Male,50,zahid707@hotmail.com,2023-08-25
725,"Sumaira Khan",Faisalabad,Female,19,sumaira843@gmail.com,2023-05-25
726,"Haris Hussain",Gwadar,Male,58,haris714@hotmail.com,2023-11-30
727,"Adeel Mirza",Sialkot,Male,55,adeel751@hotmail.com,2023-02-23
728,"Zain Rizvi",Lahore,Male,24,zain115@yahoo.com,2023-01-08
729,"Tariq Awan",Lahore,Male,52,tariq817@outlook.com,2023-02-18
730,"Shehzad Zafar",Sialkot,Male,57,shehzad418@gmail.com,2023-02-26
731,"Maham Ansari",Islamabad,Female,39,maham727@yahoo.com,2023-02-04
732,"Zeeshan Baig",Sialkot,Male,63,zeeshan383@yahoo.com,2023-06-07
733,"Madiha Malik",Sialkot,Female,46,madiha11@yahoo.com,2023-10-08
734,"Zainab Rajput",Lahore,Female,21,zainab389@yahoo.com,2023-02-13
735,"Tahira Rajput",Gwadar,Female,36,tahira594@gmail.com,2023-01-16
736,"Shehzad Abbasi",Gwadar,Male,22,shehzad130@outlook.com,2023-05-19
737,"Fahad Ansari",Sialkot,Male,27,fahad576@gmail.com,2023-12-23
738,"Iqra Aslam",Gwadar,Female,61,iqra967@gmail.com,2023-01-10
739,"Asma Mughal",Sialkot,Female,56,asma12@gmail.com,2023-11-07
740,"Komal Lodhi",Islamabad,Female,53,komal877@yahoo.com,2023-09-11
741,"Maria Lodhi",Lahore,Female,21,maria817@outlook.com,2023-12-27
742,"Yasir Raza",Karachi,Male,43,yasir306@hotmail.com,2023-07-10
743,"Omar Sheikh",Islamabad,Male,63,omar350@hotmail.com,2023-04-18
744,"Laila Raza",Sialkot,Female,23,laila780@outlook.com,2023-06-12
745,"Adeel Tariq",Gwadar,Male,24,adeel397@gmail.com,2023-05-27
746,"Naila Gillani",Gwadar,Female,33,naila313@hotmail.com,2023-06-01
747,"Sidra Lodhi",Lahore,Female,50,sidra303@hotmail.com,2023-12-11
748,"Bilal Akram",Sialkot,Male,55,bilal975@hotmail.com,2023-12-10
749,"Sana Ansari",Islamabad,Female,25,sana250@outlook.com,2023-11-15
750,"Komal Niazi",Sialkot,Female,30,komal611@outlook.com,2023-04-08
751,"Adnan Shah",Lahore,Male,18,adnan554@gmail.com,2023-10-24
752,"Talha Ashraf",Karachi,Male,59,talha441@gmail.com,2023-03-11
753,"Rida Aslam",Lahore,Female,23,rida828@gmail.com,2023-04-11
754,"Omar Khan",Lahore,Male,33,omar977@yahoo.com,2023-02-16
755,"Laila Raza",Sialkot,Female,38,laila520@outlook.com,2023-01-23
756,"Zahid Tariq",Gwadar,Male,34,zahid507@yahoo.com,2023-04-19
757,"Shahid Ali",Faisalabad,Male,50,shahid290@outlook.com,2023-10-03
758,"Huma Mughal",Karachi,Female,24,huma816@hotmail.com,2023-10-25
759,"Naveed Akram",Faisalabad,Male,23,naveed690@yahoo.com,2023-04-26
760,"Kamran Ashraf",Faisalabad,Male,33,kamran678@gmail.com,2023-09-29
761,"Adeel Farooqi",Gwadar,Male,33,adeel124@yahoo.com,2023-11-01
762,"Farhan Rajput",Islamabad,Male,37,farhan356@hotmail.com,2023-10-01
763,"Sobia Shah",Islamabad,Female,38,sobia287@gmail.com,2023-01-13
764,"Naila Siddiqui",Islamabad,Female,50,naila521@yahoo.com,2023-04-15
765,"Kamran Syed",Sialkot,Male,36,kamran7@outlook.com,2023-02-28
766,"Fozia Butt",Lahore,Female,29,fozia562@gmail.com,2023-02-12
767,"Asad Syed",Islamabad,Male,29,asad989@gmail.com,2023-11-10
768,"Naila Syed",Faisalabad,Female,24,naila690@hotmail.com,2023-10-09
769,"Iqra Yousuf",Karachi,Female,27,iqra102@outlook.com,2023-04-05
770,"Sohail Rizvi",Faisalabad,Male,48,sohail738@outlook.com,2023-11-24
771,"Salman Nawaz",Lahore,Male,36,salman950@hotmail.com,2023-05-11
772,"Waleed Rizvi",Gwadar,Male,45,waleed796@hotmail.com,2023-12-26
773,"Danish Ali",Faisalabad,Male,41,danish379@yahoo.com,2023-03-05
774,"Uzma Mirza",Islamabad,Female,26,uzma833@gmail.com,2023-10-03
775,"Rabia Rajput",Gwadar,Female,61,rabia888@hotmail.com,2023-07-19
776,"Maham Gillani",Sialkot,Female,29,maham563@yahoo.com,2023-11-17
777,"Asma Syed",Islamabad,Female,38,asma67@hotmail.com,2023-10-06
778,"Nimra Mughal",Sialkot,Female,35,nimra217@outlook.com,2023-11-03
779,"Waqar Ghani",Lahore,Male,55,waqar740@hotmail.com,2023-02-20
780,"Nadia Rajput",Islamabad,Female,64,nadia422@hotmail.com,2023-03-10
781,"Tahira Akhtar",Gwadar,Female,39,tahira386@outlook.com,2023-04-08
782,"Saba Farooqi",Gwadar,Female,35,saba74@gmail.com,2023-08-24
783,"Ahmed Abbasi",Lahore,Male,26,ahmed509@gmail.com,2023-01-25
784,"Rabia Qureshi",Gwadar,Female,59,rabia403@outlook.com,2023-06-12
785,"Laila Nawaz",Faisalabad,Female,61,laila936@hotmail.com,2023-04-06
786,"Shehzad Sheikh",Islamabad,Male,24,shehzad662@gmail.com,2023-11-24
787,"Imran Ashraf",Sialkot,Male,57,imran121@gmail.com,2023-03-17
788,"Salman Gillani",Lahore,Male,23,salman22@yahoo.com,2023-02-15
789,"Sara Ali",Faisalabad,Female,32,sara605@hotmail.com,2023-11-03
790,"Danish Sheikh",Lahore,Male,18,danish509@outlook.com,2023-12-18
791,"Amber Ahmed",Islamabad,Female,63,amber255@gmail.com,2023-04-23
792,"Irfan Khan",Lahore,Male,54,irfan89@yahoo.com,2023-08-26
793,"Haris Ali",Faisalabad,Male,23,haris143@outlook.com,2023-09-10
794,"Samina Mirza",Islamabad,Female,35,samina863@gmail.com,2023-07-13
795,"Waqar Awan",Sialkot,Male,43,waqar564@yahoo.com,2023-09-07
796,"Irfan Awan",Lahore,Male,52,irfan208@hotmail.com,2023-02-02
797,"Sadia Lodhi",Gwadar,Female,41,sadia949@gmail.com,2023-06-26
798,"Tariq Hussain",Karachi,Male,31,tariq258@outlook.com,2023-05-31
799,"Shazia Chaudhry",Karachi,Female,22,shazia766@outlook.com,2023-04-11
800,"Farah Baig",Faisalabad,Female,28,farah718@hotmail.com,2023-08-29
801,"Sana Rajput",Islamabad,Female,30,sana54@yahoo.com,2023-08-26
802,"Awais Niazi",Gwadar,Male,43,awais47@outlook.com,2023-11-02
803,"Shoaib Butt",Karachi,Male,22,shoaib43@outlook.com,2023-10-08
804,"Sana Durrani",Karachi,Female,33,sana260@gmail.com,2023-05-03
805,"Zain Lodhi",Lahore,Male,64,zain288@outlook.com,2023-09-03
806,"Raza Ahmed",Gwadar,Male,62,raza994@hotmail.com,2023-07-28
807,"Anum Lodhi",Lahore,Female,63,anum310@outlook.com,2023-04-29
808,"Raza Rizvi",Lahore,Male,30,raza532@hotmail.com,2023-03-07
809,"Mohsin Awan",Lahore,Male,59,mohsin628@outlook.com,2023-08-03
810,"Fahad Akhtar",Gwadar,Male,29,fahad220@gmail.com,2023-10-15
811,"Zain Hussain",Lahore,Male,36,zain990@outlook.com,2023-12-24
812,"Bilal Javed",Islamabad,Male,32,bilal152@yahoo.com,2023-09-18
813,"Shabnam Akram",Islamabad,Female,64,shabnam457@hotmail.com,2023-05-25
814,"Shahid Mehmood",Sialkot,Male,65,shahid66@hotmail.com,2023-01-05
815,"Omer Javed",Gwadar,Male,55,omer920@hotmail.com,2023-06-25
816,"Sohail Farooqi",Gwadar,Male,27,sohail816@gmail.com,2023-09-24
817,"Asma Malik",Islamabad,Female,28,asma517@hotmail.com,2023-03-31
818,"Naveed Rajput",Islamabad,Male,40,naveed122@yahoo.com,2023-11-21
819,"Maria Shah",Karachi,Female,51,maria735@outlook.com,2023-11-12
820,"Fiza Rajput",Faisalabad,Female,21,fiza268@hotmail.com,2023-10-31
821,"Usman Ghani",Faisalabad,Male,46,usman605@hotmail.com,2023-12-26
822,"Ahmed Lodhi",Sialkot,Male,31,ahmed648@outlook.com,2023-09-20
823,"Sana Ghani",Islamabad,Female,51,sana209@hotmail.com,2023-11-04
824,"Sadia Ali",Islamabad,Female,46,sadia78@outlook.com,2023-05-03
825,"Komal Bhatti",Gwadar,Female,18,komal871@yahoo.com,2023-10-13
826,"Babar Chaudhry",Islamabad,Male,58,babar266@hotmail.com,2023-06-10
827,"Fatima Raza",Faisalabad,Female,53,fatima255@hotmail.com,2023-05-29
828,"Imran Siddiqui",Faisalabad,Male,44,imran287@gmail.com,2023-04-06
829,"Zahid Nawaz",Faisalabad,Male,52,zahid245@outlook.com,2023-08-04
830,"Zubair Butt",Gwadar,Male,46,zubair748@hotmail.com,2023-01-17
831,"Ali Rajput",Lahore,Male,56,ali687@hotmail.com,2023-09-03
832,"Asad Aslam",Karachi,Male,57,asad524@hotmail.com,2023-01-27
833,"Ali Chaudhry",Karachi,Male,45,ali269@gmail.com,2023-06-05
834,"Shehzad Rizvi",Faisalabad,Male,19,shehzad367@yahoo.com,2023-01-23
835,"Salman Butt",Sialkot,Male,42,salman762@outlook.com,2023-09-02
836,"Faisal Pasha",Karachi,Male,55,faisal899@yahoo.com,2023-08-12
837,"Tooba Nawaz",Gwadar,Female,54,tooba50@outlook.com,2023-12-26
838,"Haris Tariq",Sialkot,Male,60,haris397@gmail.com,2023-09-17
839,"Amber Ansari",Gwadar,Female,65,amber38@gmail.com,2023-03-05
840,"Tariq Javed",Faisalabad,Male,56,tariq149@hotmail.com,2023-01-01
841,"Awais Rizvi",Sialkot,Male,36,awais52@yahoo.com,2023-05-31
842,"Zain Shah",Islamabad,Male,40,zain167@yahoo.com,2023-12-04
843,"Javeria Gillani",Faisalabad,Female,60,javeria976@gmail.com,2023-01-22
844,"Talha Awan",Lahore,Male,60,talha535@gmail.com,2023-05-04
845,"Irfan Aslam",Sialkot,Male,30,irfan171@yahoo.com,2023-01-25
846,"Ayesha Malik",Islamabad,Female,23,ayesha868@gmail.com,2023-09-04
847,"Nimra Hashmi",Gwadar,Female,25,nimra856@yahoo.com,2023-04-29
848,"Usman Ahmed",Lahore,Male,49,usman165@hotmail.com,2023-03-10
849,"Aliza Pasha",Sialkot,Female,22,aliza458@yahoo.com,2023-12-08
850,"Zeeshan Bhatti",Karachi,Male,30,zeeshan699@hotmail.com,2023-09-10
851,"Bushra Ahmed",Sialkot,Female,56,bushra766@hotmail.com,2023-07-25
852,"Nida Akram",Islamabad,Female,56,nida313@yahoo.com,2023-06-05
853,"Awais Ahmed",Gwadar,Male,58,awais71@hotmail.com,2023-06-18
854,"Zubair Tariq",Sialkot,Male,32,zubair779@hotmail.com,2023-08-05
855,"Rizwan Yousuf",Sialkot,Male,25,rizwan807@gmail.com,2023-06-23
856,"Uzma Niazi",Islamabad,Female,31,uzma113@yahoo.com,2023-02-06
857,"Maryam Akram",Karachi,Female,33,maryam591@hotmail.com,2023-07-15
858,"Zain Lodhi",Faisalabad,Male,45,zain620@yahoo.com,2023-07-05
859,"Faisal Ghani",Lahore,Male,60,faisal883@outlook.com,2023-09-05
860,"Shahid Javed",Islamabad,Male,44,shahid618@yahoo.com,2023-03-07
861,"Hamza Lodhi",Karachi,Male,30,hamza428@yahoo.com,2023-05-10
862,"Sara Syed",Islamabad,Female,62,sara922@outlook.com,2023-03-15
863,"Waqar Syed",Gwadar,Male,18,waqar111@hotmail.com,2023-03-09
864,"Aamir Ansari",Lahore,Male,21,aamir412@yahoo.com,2023-05-02
865,"Asma Mirza",Gwadar,Female,39,asma578@yahoo.com,2023-05-19
866,"Junaid Hussain",Faisalabad,Male,36,junaid83@yahoo.com,2023-10-12
867,"Zain Raza",Gwadar,Male,58,zain445@outlook.com,2023-07-03
868,"Kashif Akram",Gwadar,Male,28,kashif874@hotmail.com,2023-09-16
869,"Rabia Ali",Islamabad,Female,50,rabia360@gmail.com,2023-03-15
870,"Iqra Chaudhry",Sialkot,Female,50,iqra804@gmail.com,2023-01-06
871,"Waqar Durrani",Faisalabad,Male,38,waqar42@outlook.com,2023-08-09
872,"Shabnam Akram",Gwadar,Female,49,shabnam756@gmail.com,2023-08-10
873,"Raza Akram",Gwadar,Male,24,raza533@outlook.com,2023-06-06
874,"Asad Shah",Faisalabad,Male,25,asad899@hotmail.com,2023-08-07
875,"Faisal Yousuf",Sialkot,Male,63,faisal561@gmail.com,2023-12-15
876,"Fahad Rizvi",Karachi,Male,24,fahad713@hotmail.com,2023-03-04
877,"Farah Rajput",Sialkot,Female,33,farah908@hotmail.com,2023-01-08
878,"Nasir Butt",Lahore,Male,58,nasir573@outlook.com,2023-04-08
879,"Nadia Nawaz",Islamabad,Female,53,nadia861@gmail.com,2023-02-05
880,"Noman Farooqi",Karachi,Male,37,noman745@outlook.com,2023-06-30
881,"Tahira Chaudhry",Gwadar,Female,62,tahira228@gmail.com,2023-06-08
882,"Lubna Lodhi",Faisalabad,Female,52,lubna405@hotmail.com,2023-05-21
883,"Shabnam Qureshi",Gwadar,Female,24,shabnam791@gmail.com,2023-04-17
884,"Huma Butt",Gwadar,Female,45,huma514@hotmail.com,2023-10-01
885,"Amber Mehmood",Islamabad,Female,24,amber970@yahoo.com,2023-02-13
886,"Hamza Syed",Faisalabad,Male,18,hamza441@hotmail.com,2023-09-27
887,"Adnan Mehmood",Lahore,Male,39,adnan177@gmail.com,2023-04-13
888,"Irfan Zafar",Karachi,Male,44,irfan30@yahoo.com,2023-04-10
889,"Huma Tariq",Karachi,Female,50,huma879@gmail.com,2023-04-13
890,"Asma Ghani",Karachi,Female,34,asma488@gmail.com,2023-02-21
891,"Aliza Farooqi",Gwadar,Female,25,aliza909@hotmail.com,2023-07-06
892,"Talha Aslam",Islamabad,Male,33,talha528@hotmail.com,2023-01-17
893,"Zeeshan Rajput",Islamabad,Male,47,zeeshan796@gmail.com,2023-04-22
894,"Maham Durrani",Islamabad,Female,57,maham536@gmail.com,2023-08-20
895,"Kiran Akhtar",Faisalabad,Female,32,kiran631@outlook.com,2023-09-28
896,"Adnan Ali",Islamabad,Male,57,adnan96@yahoo.com,2023-01-03
897,"Rizwan Tariq",Islamabad,Male,58,rizwan589@gmail.com,2023-10-17
898,"Laila Ghani",Sialkot,Female,49,laila434@hotmail.com,2023-02-06
899,"Omer Akram",Sialkot,Male,33,omer321@gmail.com,2023-11-01
900,"Rizwan Farooqi",Islamabad,Male,31,rizwan532@yahoo.com,2023-09-08
901,"Fiza Mirza",Lahore,Female,65,fiza761@yahoo.com,2023-11-25
902,"Uzma Akhtar",Karachi,Female,30,uzma288@gmail.com,2023-05-23
903,"Usman Javed",Faisalabad,Male,47,usman563@gmail.com,2023-06-16
904,"Kamran Tariq",Lahore,Male,26,kamran414@outlook.com,2023-09-27
905,"Amber Qureshi",Gwadar,Female,46,amber874@yahoo.com,2023-11-25
906,"Waleed Baig",Sialkot,Male,47,waleed969@gmail.com,2023-09-19
907,"Salman Baig",Sialkot,Male,47,salman776@gmail.com,2023-11-04
908,"Ayesha Niazi",Karachi,Female,60,ayesha323@hotmail.com,2023-03-06
909,"Khalid Pasha",Faisalabad,Male,39,khalid241@outlook.com,2023-03-02
910,"Rabia Ashraf",Sialkot,Female,47,rabia694@gmail.com,2023-10-14
911,"Hassan Lodhi",Gwadar,Male,40,hassan446@yahoo.com,2023-06-19
912,"Talha Malik",Karachi,Male,57,talha964@gmail.com,2023-10-27
913,"Danish Mughal",Sialkot,Male,57,danish322@yahoo.com,2023-01-06
914,"Nasir Gillani",Faisalabad,Male,32,nasir552@outlook.com,2023-09-03
915,"Farah Akhtar",Lahore,Female,55,farah430@hotmail.com,2023-08-06
916,"Farah Akhtar",Karachi,Female,40,farah716@hotmail.com,2023-04-02
917,"Noman Rizvi",Islamabad,Male,26,noman813@outlook.com,2023-01-06
918,"Sobia Akram",Karachi,Female,21,sobia850@gmail.com,2023-05-13
919,"Madiha Sheikh",Islamabad,Female,61,madiha690@hotmail.com,2023-01-21
920,"Irfan Pasha",Islamabad,Male,50,irfan876@yahoo.com,2023-05-11
921,"Noman Hashmi",Islamabad,Male,63,noman300@yahoo.com,2023-01-31
922,"Waseem Mughal",Islamabad,Male,52,waseem48@hotmail.com,2023-04-18
923,"Faisal Nawaz",Sialkot,Male,20,faisal373@yahoo.com,2023-04-09
924,"Rizwan Bhatti",Sialkot,Male,51,rizwan323@outlook.com,2023-01-16
925,"Mehak Ali",Lahore,Female,33,mehak314@hotmail.com,2023-04-11
926,"Uzma Abbasi",Islamabad,Female,19,uzma871@yahoo.com,2023-04-26
927,"Nimra Tariq",Karachi,Female,45,nimra800@yahoo.com,2023-11-14
928,"Imran Sheikh",Karachi,Male,48,imran269@yahoo.com,2023-11-14
929,"Hira Ghani",Islamabad,Female,51,hira464@gmail.com,2023-08-19
930,"Shoaib Raza",Sialkot,Male,59,shoaib764@yahoo.com,2023-03-22
931,"Rida Mughal",Faisalabad,Female,46,rida74@outlook.com,2023-03-08
932,"Nimra Sheikh",Karachi,Female,44,nimra812@outlook.com,2023-02-19
933,"Amber Ansari",Faisalabad,Female,31,amber955@gmail.com,2023-12-11
934,"Shahid Shah",Faisalabad,Male,62,shahid923@outlook.com,2023-10-30
935,"Laila Pasha",Lahore,Female,59,laila581@outlook.com,2023-05-22
936,"Nadia Akram",Lahore,Female,41,nadia830@yahoo.com,2023-08-22
937,"Lubna Rizvi",Lahore,Female,37,lubna685@hotmail.com,2023-05-16
938,"Nasir Butt",Sialkot,Male,53,nasir269@outlook.com,2023-08-14
939,"Javeria Ashraf",Karachi,Female,46,javeria325@outlook.com,2023-07-15
940,"Tahira Nawaz",Lahore,Female,27,tahira850@outlook.com,2023-09-15
941,"Noman Pasha",Faisalabad,Male,23,noman648@yahoo.com,2023-11-01
942,"Zain Nawaz",Sialkot,Male,26,zain370@yahoo.com,2023-10-21
943,"Tariq Yousuf",Lahore,Male,39,tariq484@hotmail.com,2023-12-06
944,"Mehwish Hashmi",Faisalabad,Female,51,mehwish478@yahoo.com,2023-03-30
945,"Bilal Mughal",Lahore,Male,20,bilal522@yahoo.com,2023-08-21
946,"Maham Javed",Sialkot,Female,37,maham524@outlook.com,2023-07-05
947,"Zainab Akram",Lahore,Female,40,zainab517@yahoo.com,2023-10-26
948,"Mehak Zafar",Gwadar,Female,63,mehak539@hotmail.com,2023-09-28
949,"Fahad Pasha",Islamabad,Male,26,fahad692@outlook.com,2023-09-02
950,"Bilal Rajput",Islamabad,Male,36,bilal983@hotmail.com,2023-01-20
951,"Shahid Butt",Faisalabad,Male,55,shahid376@gmail.com,2023-10-28
952,"Babar Pasha",Islamabad,Male,21,babar376@outlook.com,2023-06-03
953,"Tariq Ashraf",Lahore,Male,20,tariq457@hotmail.com,2023-02-04
954,"Maryam Raza",Lahore,Female,28,maryam222@outlook.com,2023-09-02
955,"Maryam Pasha",Karachi,Female,41,maryam783@yahoo.com,2023-05-24
956,"Waseem Baig",Karachi,Male,49,waseem811@outlook.com,2023-07-12
957,"Zubair Ansari",Gwadar,Male,62,zubair722@hotmail.com,2023-08-16
958,"Shahid Ashraf",Karachi,Male,48,shahid307@gmail.com,2023-02-22
959,"Nadia Aslam",Islamabad,Female,64,nadia901@outlook.com,2023-07-20
960,"Asad Nawaz",Karachi,Male,25,asad93@yahoo.com,2023-11-04
961,"Usman Ahmed",Lahore,Male,43,usman74@hotmail.com,2023-04-30
962,"Waseem Durrani",Gwadar,Male,22,waseem944@gmail.com,2023-10-12
963,"Tooba Ali",Sialkot,Female,60,tooba249@outlook.com,2023-05-22
964,"Hamza Tariq",Islamabad,Male,57,hamza3@yahoo.com,2023-09-02
965,"Babar Mughal",Lahore,Male,45,babar756@gmail.com,2023-06-01
966,"Maria Lodhi",Karachi,Female,51,maria172@outlook.com,2023-01-02
967,"Shazia Malik",Lahore,Female,20,shazia404@gmail.com,2023-01-10
968,"Fozia Abbasi",Lahore,Female,39,fozia151@yahoo.com,2023-02-27
969,"Asad Nawaz",Lahore,Male,22,asad321@hotmail.com,2023-01-07
970,"Sohail Syed",Islamabad,Male,56,sohail617@outlook.com,2023-08-13
971,"Mohsin Yousuf",Sialkot,Male,41,mohsin377@gmail.com,2023-01-12
972,"Ayesha Syed",Gwadar,Female,33,ayesha835@gmail.com,2023-05-01
973,"Sobia Raza",Karachi,Female,36,sobia624@yahoo.com,2023-06-25
974,"Noman Mirza",Gwadar,Male,40,noman377@outlook.com,2023-03-14
975,"Maham Hashmi",Sialkot,Female,59,maham594@gmail.com,2023-06-08
976,"Fiza Mirza",Lahore,Female,37,fiza697@gmail.com,2023-10-06
977,"Zahid Hashmi",Islamabad,Male,45,zahid558@outlook.com,2023-11-08
978,"Shazia Ashraf",Karachi,Female,21,shazia781@gmail.com,2023-11-10
979,"Rabia Abbasi",Lahore,Female,21,rabia752@outlook.com,2023-04-24
980,"Zubair Gillani",Faisalabad,Male,27,zubair802@outlook.com,2023-03-20
981,"Usman Chaudhry",Islamabad,Male,51,usman919@outlook.com,2023-09-12
982,"Farhan Abbasi",Gwadar,Male,51,farhan220@hotmail.com,2023-10-15
983,"Nimra Baig",Gwadar,Female,37,nimra956@hotmail.com,2023-07-13
984,"Daniyal Pasha",Karachi,Male,48,daniyal55@yahoo.com,2023-09-12
985,"Uzma Akram",Faisalabad,Female,47,uzma749@gmail.com,2023-02-24
986,"Omar Butt",Lahore,Male,24,omar201@gmail.com,2023-09-10
987,"Babar Niazi",Gwadar,Male,18,babar556@yahoo.com,2023-01-18
988,"Yasir Bhatti",Sialkot,Male,40,yasir593@yahoo.com,2023-01-13
989,"Sobia Ghani",Karachi,Female,39,sobia795@gmail.com,2023-02-14
990,"Mohsin Ashraf",Gwadar,Male,38,mohsin566@gmail.com,2023-04-16
991,"Farhan Qureshi",Islamabad,Male,36,farhan401@gmail.com,2023-01-08
992,"Lubna Zafar",Lahore,Female,45,lubna347@yahoo.com,2023-07-23
993,"Amber Abbasi",Islamabad,Female,28,amber119@gmail.com,2023-04-06
994,"Lubna Mirza",Faisalabad,Female,22,lubna698@gmail.com,2023-02-21
995,"Waleed Zafar",Islamabad,Male,50,waleed2@yahoo.com,2023-12-15
996,"Sohail Butt",Faisalabad,Male,22,sohail807@yahoo.com,2023-07-13
997,"Aliza Rajput",Faisalabad,Female,44,aliza467@hotmail.com,2023-12-07
998,"Rukhsar Durrani",Islamabad,Female,26,rukhsar252@hotmail.com,2023-07-02
999,"Madiha Gillani",Islamabad,Female,27,madiha428@outlook.com,2023-04-02
1000,"Shabnam Hashmi",Sialkot,Female,33,shabnam123@outlook.com,2023-02-23
